Name,Rating,Rounds,KD Diff,K/D
ZywOo,1.27,28946,+6730,1.38
s1mple,1.25,43366,+9383,1.34
sh1ro,1.23,24687,+5896,1.45
deko,1.21,13190,+2840,1.37
Kaze,1.19,23727,+4398,1.31
saffee,1.18,11705,+2058,1.29
degster,1.18,20438,+3670,1.30
smooya,1.18,24290,+4039,1.27
XANTARES,1.17,49585,+6703,1.20
sterling,1.17,23109,+4099,1.30
SENSEi,1.16,15992,+3095,1.35
device,1.16,47380,+7321,1.25
DANK1NG,1.16,11266,+1741,1.24
blameF,1.16,25869,+4099,1.26
NiKo,1.15,44992,+5764,1.19
torzsi,1.15,14278,+2082,1.24
KSCERATO,1.15,25212,+4020,1.28
Woro2k,1.15,11591,+1657,1.23
BnTeT,1.15,27889,+3818,1.22
JamYoung,1.14,10260,+1417,1.22
coldzera,1.14,38594,+5625,1.24
Benkai,1.14,15560,+2046,1.20
Sico,1.14,24222,+3766,1.26
XigN,1.13,20232,+2466,1.19
Texta,1.13,15749,+1748,1.16
XELLOW,1.13,30958,+3669,1.18
Jame,1.13,32976,+5523,1.31
mhL,1.13,15712,+2062,1.21
oskar,1.13,40109,+5067,1.20
forsyy,1.13,12453,+1740,1.23
El1an,1.13,35728,+4878,1.22
sk0R,1.13,11092,+1226,1.16
frozen,1.12,33450,+3846,1.18
mantuu,1.12,18646,+2374,1.21
Freeman,1.12,20299,+2309,1.18
kennyS,1.12,50670,+6424,1.20
huNter-,1.12,40413,+4319,1.16
liTTle,1.12,12159,+1550,1.20
yuurih,1.12,27681,+3258,1.19
woxic,1.12,33092,+4139,1.20
INS,1.12,25486,+2786,1.17
kNgV-,1.12,22707,+2537,1.17
ropz,1.12,32084,+4012,1.20
Jamppi,1.12,13449,+1408,1.16
dgt,1.12,12810,+1694,1.22
wrath,1.12,13568,+1239,1.13
chelleos,1.11,15529,+1477,1.14
PTC,1.11,12393,+1408,1.18
nawwk,1.11,26524,+3436,1.21
h4rn,1.11,18067,+2332,1.22
vsm,1.11,16702,+1650,1.15
splashske,1.11,18651,+1811,1.15
zorte,1.11,23385,+2963,1.21
Twistzz,1.11,38332,+4195,1.18
erkaSt,1.11,23944,+2450,1.15
Vexite,1.11,10291,+876,1.12
GuardiaN,1.11,41693,+4763,1.18
xsepower,1.11,35869,+4797,1.23
ottoNd,1.11,23390,+2700,1.18
CacaNito,1.11,10465,+833,1.12
dream3r,1.11,35262,+4238,1.20
FREDDyFROG,1.11,32176,+3606,1.18
dumau,1.10,13859,+1586,1.18
TenZ,1.10,10399,+839,1.12
f0rest,1.10,54645,+5673,1.16
Olivia,1.10,16189,+1565,1.15
poizon,1.10,29354,+2862,1.15
mertz,1.10,25333,+2594,1.16
mir,1.10,28082,+2792,1.15
WARDELL,1.10,15901,+1648,1.17
oSee,1.10,30820,+3466,1.18
HEN1,1.10,31773,+4057,1.22
CeRq,1.10,32056,+3437,1.17
Brehze,1.10,31744,+2749,1.13
swag,1.10,14447,+1629,1.18
Infinite,1.10,22979,+2045,1.14
ekul,1.10,11703,+986,1.12
Ax1Le,1.10,26605,+2694,1.16
allu,1.10,44582,+4607,1.16
nython,1.10,14118,+1437,1.16
hades,1.10,19321,+2175,1.18
moose,1.10,19559,+1975,1.16
PwnAlone,1.10,25118,+2468,1.16
xccurate,1.09,18113,+1724,1.15
mixwell,1.09,21804,+1911,1.13
Sonic,1.09,24799,+2362,1.15
aliStair,1.09,28369,+2921,1.17
syrsoN,1.09,47716,+4811,1.16
GeT_RiGhT,1.09,45054,+4291,1.15
JUGi,1.09,24427,+2676,1.18
Cooper,1.09,21581,+2114,1.15
Calyx,1.09,30128,+2939,1.15
biguzera,1.09,18138,+1718,1.15
ritchiEE,1.09,11667,+972,1.12
ryx,1.09,12856,+1181,1.14
electroNic,1.09,36618,+3068,1.13
zehN,1.09,31410,+2619,1.13
ScreaM,1.09,37087,+3105,1.13
JOTA,1.09,14246,+1356,1.15
NEOFRAG,1.09,20234,+1406,1.10
NAF,1.09,43504,+4234,1.15
BL1TZ,1.09,19035,+1601,1.13
nex,1.09,28389,+2435,1.13
draken,1.08,33538,+3298,1.16
nukkye,1.08,15492,+1330,1.13
gas,1.08,13501,+792,1.08
dennyslaw,1.08,35541,+3254,1.14
pz,1.08,12833,+1144,1.14
exit,1.08,22225,+2386,1.18
ZOREE,1.08,46405,+4435,1.15
EliGE,1.08,44456,+3089,1.10
fer,1.08,38442,+2823,1.11
Savage,1.08,21434,+1926,1.14
DJOXiC,1.08,12531,+1204,1.15
lollipop21k,1.08,34041,+2450,1.11
valde,1.08,34198,+2856,1.13
Detrony,1.08,10449,+862,1.13
Spinx,1.08,13741,+1117,1.13
hazr,1.08,21105,+1310,1.09
Machinegun,1.08,10994,+676,1.09
faveN,1.08,37280,+3100,1.13
mezii,1.08,15935,+1365,1.14
Attacker,1.08,33057,+2666,1.12
k0nfig,1.08,42542,+2492,1.08
keev,1.08,15524,+1217,1.12
floppy,1.08,23314,+1730,1.11
sergej,1.08,20425,+1816,1.14
cynic,1.08,21510,+1816,1.13
ShahZaM,1.08,25252,+2058,1.13
junior,1.08,13273,+1386,1.17
gxx-,1.08,12051,+1262,1.17
FL1T,1.08,35128,+2982,1.13
Hatz,1.08,24686,+2046,1.13
felps,1.08,28126,+1684,1.09
Magisk,1.08,39225,+3293,1.13
dupreeh,1.08,52871,+4319,1.13
iDISBALANCE,1.08,24821,+2347,1.15
Farlig,1.08,20762,+1777,1.14
Liazz,1.08,26581,+2294,1.14
fejtZ,1.08,22934,+1694,1.11
jayzaR,1.08,14033,+935,1.10
Rickeh,1.07,25181,+2388,1.15
jL,1.07,12011,+855,1.11
broky,1.07,20762,+1943,1.15
MICHU,1.07,47050,+3101,1.10
NaToSaphiX,1.07,26098,+2534,1.16
Summer,1.07,33566,+2741,1.13
meyern,1.07,13245,+885,1.10
ptr,1.07,29729,+2699,1.15
Ryxxo,1.07,23080,+1945,1.13
dapr,1.07,15426,+1002,1.10
dexter,1.07,27406,+1836,1.10
Impulse,1.07,20768,+1589,1.12
YEKINDAR,1.07,31551,+1539,1.07
s4ltovsk1yy,1.07,12762,+1113,1.14
xand,1.07,13210,+875,1.10
hAdji,1.07,32873,+2356,1.11
nicoodoz,1.07,21325,+1926,1.15
InfrequeNt,1.07,12386,+931,1.12
autimatic,1.07,31841,+2250,1.11
EspiranTo,1.07,23045,+1349,1.09
anarkez,1.07,21110,+1540,1.11
CRUC1AL,1.07,39399,+2871,1.11
shox,1.07,53896,+3736,1.11
jks,1.07,32378,+2392,1.12
somebody,1.07,32545,+2162,1.10
QKA,1.07,10409,+702,1.10
fame,1.07,15273,+1032,1.10
hallzerk,1.07,22240,+1503,1.10
NikoM,1.07,13864,+966,1.11
WorldEdit,1.07,34767,+2453,1.11
reiko,1.07,12675,+448,1.05
shroud,1.07,17460,+1311,1.12
Pimp,1.07,25052,+2016,1.13
FalleN,1.07,42481,+3832,1.15
chelo,1.07,24717,+1527,1.09
dycha,1.07,23385,+1350,1.09
DD,1.06,23728,+1523,1.10
HObbit,1.06,32459,+2274,1.11
snatchie,1.06,43656,+2589,1.09
CLASIA,1.06,10225,+661,1.10
shalfey,1.06,14109,+1202,1.14
smike,1.06,12846,+601,1.07
shz,1.06,21258,+1460,1.11
ofnu,1.06,21778,+1380,1.10
SHiPZ,1.06,49155,+2527,1.07
AnJ,1.06,10503,+763,1.11
slaxz-,1.06,29303,+2324,1.13
acoR,1.06,29413,+2158,1.12
Ethan,1.06,25998,+1488,1.09
boltz,1.06,34998,+2601,1.12
roeJ,1.06,25470,+1478,1.08
NikkeZ,1.06,10817,+549,1.07
zhokiNg,1.06,31525,+1463,1.07
afro,1.06,18159,+1255,1.11
Brollan,1.06,28296,+1521,1.08
trk,1.06,24679,+1626,1.10
Happy,1.06,37933,+2745,1.11
Rainwaker,1.06,34365,+2463,1.11
COLDYY1,1.06,24917,+1718,1.11
Valiance,1.06,17113,+1133,1.10
b4rtiN,1.06,14329,+948,1.10
Krimbo,1.06,12011,+842,1.11
malbsMd,1.06,16790,+554,1.05
paz,1.06,30130,+1910,1.10
Skadoodle,1.06,27129,+2458,1.15
Lucaozy,1.06,13387,+959,1.11
koosta,1.06,25766,+1341,1.08
pancc,1.06,15875,+818,1.08
Sobol,1.06,24856,+1444,1.09
flying,1.06,11340,+551,1.07
remix,1.06,12636,+771,1.09
tucks,1.06,18208,+1227,1.10
TOR,1.06,11472,+657,1.09
Maka,1.06,33154,+2208,1.10
suNny,1.05,35708,+1623,1.07
olofmeister,1.05,40980,+2664,1.10
SLOWLY,1.05,15083,+672,1.07
hardzao,1.05,20049,+1505,1.12
rallen,1.05,48004,+3157,1.10
flameZ,1.05,12506,+582,1.07
Grim,1.05,25502,+928,1.05
KEi,1.05,20651,+820,1.06
b1t,1.05,14043,+928,1.10
iM,1.05,22368,+940,1.06
bottle,1.05,19801,+871,1.06
Gratisfaction,1.05,23921,+1674,1.11
Lucky,1.05,17622,+1277,1.12
ISSAA,1.05,22834,+1402,1.09
Ramz1kBO$$,1.05,11070,+553,1.07
stavn,1.05,32050,+1675,1.08
HZ,1.05,12856,+691,1.08
cajunb,1.05,45848,+2868,1.10
WolfY,1.05,16556,+1256,1.12
tabseN,1.05,53627,+1581,1.04
mou,1.05,40494,+2539,1.10
c0llins,1.05,10977,+476,1.06
JW,1.05,54853,+2561,1.07
yay,1.05,17182,+604,1.05
KRIMZ,1.05,48690,+3132,1.10
zeph,1.05,15248,+600,1.06
juanflatroo,1.05,17655,+512,1.04
REDSTAR,1.05,19354,+1276,1.10
rigoN,1.05,12498,+204,1.02
jeorgesnorts,1.05,10793,+507,1.07
SicK,1.05,20701,+1040,1.07
nin9,1.05,11860,+770,1.10
NEEX,1.05,11195,+574,1.08
Bwills,1.05,24492,+1273,1.08
loWel,1.05,26413,+1739,1.10
raafa,1.05,16832,+1092,1.10
nexa,1.05,35315,+2108,1.09
Marcelious,1.05,13889,+667,1.07
Zellsis,1.05,16210,+803,1.07
FASHR,1.05,21202,+800,1.06
rommi,1.05,13467,+604,1.06
TeSeS,1.05,24606,+1113,1.07
sdy,1.05,31107,+2004,1.10
Flarich,1.04,28855,+1821,1.10
MarKE,1.04,24095,+1362,1.09
cadiaN,1.04,41359,+2729,1.11
jkaem,1.04,37431,+1277,1.05
malta,1.04,26614,+1472,1.09
Kjaerbye,1.04,40780,+2094,1.08
aumaN,1.04,22587,+1207,1.08
latto,1.04,11299,+624,1.09
phzy,1.04,15814,+1018,1.10
zewsy,1.04,15666,+667,1.06
STOMP,1.04,21729,+1329,1.10
fleav,1.04,15370,+542,1.05
motm,1.04,27749,+1100,1.06
DavCost,1.04,35042,+1936,1.09
Hiko,1.04,24398,+1532,1.10
Aerial,1.04,28159,+1231,1.07
Geniuss,1.04,10155,+309,1.04
Swisher,1.04,19861,+749,1.06
HSK,1.04,13851,+845,1.10
Qikert,1.04,34992,+1862,1.08
Bubzkji,1.04,21619,+963,1.07
Snax,1.04,58148,+2828,1.07
ANDROID,1.04,21741,+1036,1.07
land1n,1.04,21414,+1314,1.10
LOVEYY,1.04,17977,+699,1.06
b0denmaster,1.04,17782,+897,1.08
n0rb3r7,1.04,30205,+817,1.04
eraa,1.04,18348,+858,1.07
buster,1.04,33182,+1969,1.10
KHTEX,1.04,16208,+867,1.08
skullz,1.04,11357,+543,1.07
Davidp,1.03,20539,+1009,1.08
tb,1.03,15737,+708,1.07
dEE,1.03,13121,+625,1.07
flusha,1.03,53153,+2429,1.07
tarik,1.03,37326,+1316,1.05
REZ,1.03,37241,+1383,1.06
refrezh,1.03,29020,+1227,1.06
NK4Y,1.03,12325,+429,1.05
chawzyyy,1.03,11057,+503,1.07
TRAVIS,1.03,15819,+508,1.05
twist,1.03,48613,+1717,1.05
Kntz,1.03,14299,+670,1.07
Subroza,1.03,16275,+375,1.03
USTILO,1.03,29801,+931,1.05
Swahn,1.03,12773,+610,1.07
Thomas,1.03,26004,+988,1.06
DeStiNy,1.03,29897,+771,1.04
Patsi,1.03,15434,+365,1.03
Lucky,1.03,33170,+1504,1.07
yam,1.03,14003,+650,1.07
max,1.03,16397,+688,1.06
znajder,1.03,27577,+1070,1.06
kabal,1.03,23460,+961,1.06
Relaxa,1.03,32063,+1931,1.10
DEV7L,1.03,14256,+582,1.06
alex,1.03,36124,+1494,1.06
captainMo,1.03,20980,+617,1.04
Maden,1.03,20145,+398,1.03
AiyvaN,1.03,18214,+578,1.05
J3nsyy,1.03,12536,+630,1.08
RCF,1.03,17804,+600,1.05
dobu,1.03,22370,+627,1.04
sjuush,1.03,24193,+1006,1.06
kressy,1.03,29606,+1167,1.06
stfN,1.03,36267,+1442,1.06
JUST,1.03,26616,+890,1.05
aizy,1.03,41414,+1202,1.04
JonY BoY,1.03,10943,+344,1.05
KENSI,1.03,16629,+793,1.08
rain,1.03,44570,+884,1.03
shuadapai,1.03,14214,+492,1.05
RIKO,1.03,10568,+155,1.02
Snakes,1.03,11735,+418,1.05
food,1.03,11711,+380,1.05
dennis,1.03,41962,+1131,1.04
Maluk3,1.02,30543,+1364,1.07
Forester,1.02,33915,+1118,1.05
DiMKE,1.02,17460,+479,1.04
hoody,1.02,15453,+402,1.04
juho,1.02,20351,+147,1.01
Blytz,1.02,11709,+237,1.03
CyberFocus,1.02,12779,+320,1.04
kai,1.02,12692,+415,1.05
pashaBiceps,1.02,41346,+989,1.03
AMANEK,1.02,29791,+1291,1.07
kolor,1.02,15058,+345,1.03
smiley,1.02,12883,+631,1.08
niko,1.02,32232,+1088,1.05
dragonfly,1.02,13234,+502,1.06
imoRR,1.02,20296,+118,1.01
jdm64,1.02,21321,+825,1.06
fnx,1.02,17759,+662,1.06
MonttY,1.02,13451,+338,1.04
FANAT ROCKA,1.02,12150,+453,1.06
disco doplan,1.02,32000,+1094,1.05
HS,1.02,28801,+409,1.02
Nico,1.02,10074,+547,1.09
cxzi,1.02,14718,+86,1.01
bondik,1.02,38637,+1456,1.06
mouz,1.02,45715,+1741,1.06
qqGOD,1.02,15180,+280,1.03
MoeycQ,1.02,16594,+410,1.04
FaNg,1.02,18931,+530,1.04
fl0m,1.02,19384,+602,1.05
spargo,1.02,15157,+463,1.05
spaze,1.02,14117,+89,1.01
Markoś,1.02,20054,+899,1.07
v1c7oR,1.02,49359,+1181,1.04
KalubeR,1.02,11090,+284,1.04
jedqr,1.02,24220,+770,1.05
Voltage,1.02,11421,+571,1.08
F1KU,1.02,18703,+302,1.02
Goofy,1.02,33290,+466,1.02
Ace,1.02,11866,+570,1.08
dimasick,1.02,15322,+447,1.04
queztone,1.02,18569,+235,1.02
glowiing,1.02,15672,+155,1.01
ROBO,1.02,17746,+628,1.05
steel,1.02,16290,+261,1.02
Jyo,1.02,33396,+1161,1.05
fr0slev,1.02,15973,+470,1.04
LETN1,1.02,28880,+1164,1.06
TENZKI,1.02,39564,+1333,1.05
flamie,1.02,45254,+1196,1.04
Spongey,1.02,21895,+1017,1.08
Kylar,1.02,19222,+480,1.04
fox,1.02,27636,+523,1.03
n0thing,1.02,21021,+484,1.03
Zyphon,1.02,13745,+382,1.04
NBK-,1.02,56556,+1053,1.03
roca,1.02,17324,+195,1.02
MisteM,1.02,11818,+136,1.02
sLowi,1.02,32362,+633,1.03
aidKiT,1.02,11972,+370,1.05
yel,1.01,24994,+1024,1.06
mar,1.01,20359,+415,1.03
flickz,1.01,11642,+354,1.05
Krad,1.01,34848,+566,1.02
chrisJ,1.01,45400,+1085,1.04
iDk,1.01,25681,+635,1.04
xCeeD,1.01,11806,+173,1.02
Tuurtle,1.01,22921,+477,1.03
b0RUP,1.01,40305,+564,1.02
Xyp9x,1.01,54007,+2206,1.07
Plopski,1.01,28299,+796,1.04
Lekr0,1.01,34928,+814,1.03
NENO,1.01,17950,+575,1.05
desi,1.01,10986,+99,1.01
es3tag,1.01,36090,+817,1.03
1962,1.01,15244,+17,1.00
EasTor,1.01,13375,+378,1.04
mitch,1.01,20719,+632,1.05
tatazin,1.01,21516,+1035,1.08
roseau,1.01,10537,+84,1.01
Maikelele,1.01,28357,+941,1.05
byali,1.01,51390,+1318,1.04
Noobster,1.01,12790,+203,1.02
Viva,1.01,15834,+480,1.05
obj,1.01,10936,+423,1.06
spyleadeR,1.01,23255,+83,1.00
stadodo,1.01,22636,+679,1.05
PlesseN,1.01,37789,+128,1.00
apEX,1.01,54619,+343,1.01
shokz,1.01,19649,+406,1.03
JDC,1.01,15178,+212,1.02
kreaz,1.01,20866,+586,1.04
Jinxx,1.01,10684,+305,1.04
mirbit,1.01,23162,+926,1.06
hampus,1.01,37698,+195,1.01
GruBy,1.01,47610,+604,1.02
szejn,1.01,15762,+179,1.02
Friis,1.01,24254,+747,1.05
SHOCK,1.01,23658,+507,1.03
Polt,1.01,14234,+450,1.05
dazzLe,1.01,17971,-8,1.00
ayaya,1.01,11695,+102,1.01
Nodios,1.01,23548,+593,1.04
Svedjehed,1.01,12647,+296,1.04
HUGHMUNGUS,1.01,21329,+435,1.03
Stewie2K,1.01,39802,+376,1.01
kalinka,1.01,22891,+157,1.01
grux,1.01,13236,+230,1.03
SIXER,1.01,30363,+1221,1.06
to1nou,1.01,22377,+520,1.04
delboNi,1.01,15279,+259,1.03
clax,1.01,12263,+275,1.03
jR,1.01,23804,+554,1.04
DickStacy,1.01,15744,+343,1.03
DESPE,1.01,12127,+320,1.04
kioShiMa,1.01,39250,+1292,1.05
J0LZ,1.01,12821,+103,1.01
HexT,1.01,14640,+172,1.02
pesadelo,1.01,19030,+36,1.00
capseN,1.01,12701,+475,1.06
FugLy,1.01,28153,+621,1.03
emagine,1.01,18931,+487,1.04
CYPHER,1.01,10674,-26,1.00
Nifty,1.01,22686,+310,1.02
Zero,1.00,32242,+943,1.05
MINISE,1.00,49905,+605,1.02
reatz,1.00,42452,+659,1.02
waterfaLLZ,1.00,24053,+338,1.02
ap0c,1.00,24314,+138,1.01
pounh,1.00,10552,+91,1.01
Norwi,1.00,12919,+227,1.03
Edward,1.00,39373,+773,1.03
arT,1.00,27200,-8,1.00
Relyks,1.00,21258,+161,1.01
zqkS,1.00,21359,+721,1.05
xseveN,1.00,36894,+506,1.02
glace,1.00,15307,+366,1.04
Oderus,1.00,12356,-52,0.99
1uke,1.00,16179,+223,1.02
almazer,1.00,35805,+624,1.03
innocent,1.00,49253,+448,1.01
kenzor,1.00,15796,+57,1.01
hazed,1.00,19138,-81,0.99
xiaosaGe,1.00,22333,+35,1.00
ragga,1.00,11869,+24,1.00
cbbk,1.00,10342,+163,1.02
speed4k,1.00,22566,+527,1.04
ImpressioN,1.00,17721,+131,1.01
KILLDREAM,1.00,11159,-16,1.00
RoLEX,1.00,12610,+33,1.00
zeff,1.00,12229,+54,1.01
R0b3n,1.00,13950,+208,1.02
cromen,1.00,17335,+67,1.01
adreN,1.00,18241,+380,1.03
magixx,1.00,18454,+398,1.03
dzt,1.00,18637,+144,1.01
Tsogoo,1.00,12846,+75,1.01
void,1.00,11368,+127,1.02
pyth,1.00,19801,-5,1.00
MODDII,1.00,30550,+401,1.02
wiz,1.00,15666,+372,1.04
cam,1.00,13974,+169,1.02
Basso,1.00,15568,+247,1.02
Noktse,1.00,22819,+287,1.02
supra,1.00,15542,+77,1.01
siuhy,1.00,15874,-55,1.00
pecks,1.00,9930,+162,1.03
fenvicious,1.00,19647,+45,1.00
deco,1.00,12077,+96,1.01
mds,1.00,31803,+451,1.02
vice,1.00,12707,+128,1.01
SZPERO,1.00,56982,+776,1.02
STYKO,1.00,44036,+430,1.01
leo_drk,1.00,16155,-36,1.00
Bååten,0.99,19804,+20,1.00
kyxsan,0.99,12213,+41,1.00
Vegi,0.99,24232,-131,0.99
Lack1,0.99,26193,-71,1.00
Cabbi,0.99,16354,-227,0.98
freddieb,0.99,30119,+180,1.01
SEMPHIS,0.99,21936,-33,1.00
dephh,0.99,20106,-232,0.98
YDNA,0.99,11265,+103,1.01
JIaYm,0.99,15202,-261,0.98
morelz,0.99,31761,-128,0.99
gMd,0.99,12098,-47,0.99
ALEX,0.99,30750,-372,0.98
robiin,0.99,41473,-49,1.00
markeloff,0.99,29704,+485,1.03
Puls3,0.99,11572,+74,1.01
neptune,0.99,13218,-23,1.00
xelos,0.99,11568,-8,1.00
rbz,0.99,16903,+138,1.01
BENDJI,0.99,23318,+137,1.01
MUTiRiS,0.99,35475,+174,1.01
uli,0.99,16107,+167,1.02
realz1n,0.99,16733,+140,1.01
jaxi,0.99,12125,+183,1.02
truth,0.99,13914,-4,1.00
mopoz,0.99,32051,-245,0.99
facecrack,0.99,46552,-678,0.98
BARBARR,0.99,23180,-20,1.00
chop,0.99,14131,+46,1.00
roman,0.99,32712,+52,1.00
Liki,0.99,10574,+172,1.03
viz,0.99,10820,+86,1.01
Jerry,0.99,46462,+181,1.01
ANGE1,0.99,45027,-685,0.98
kaboose,0.99,14235,-305,0.97
ALLE,0.99,13449,+67,1.01
VINI,0.99,27091,-40,1.00
freakazoid,0.99,24184,-158,0.99
Dimaoneshot,0.99,34605,-550,0.98
Drone,0.99,11841,-168,0.98
nitr0,0.99,38697,+229,1.01
vanity,0.99,15688,+80,1.01
AZR,0.99,29102,-136,0.99
jabbi,0.99,23166,+123,1.01
k1to,0.99,35851,-450,0.98
fitch,0.99,15207,-210,0.98
bodyy,0.99,38044,-202,0.99
gade,0.99,25326,-128,0.99
krii,0.99,11437,-4,1.00
Djoko,0.99,15813,-176,0.98
SAGGERTON,0.99,14097,-231,0.98
dukefissura,0.99,10562,-170,0.98
bq,0.99,11874,-151,0.98
Lukki,0.99,23437,-9,1.00
Dosia,0.99,38010,+213,1.01
ryotzz,0.99,11613,-154,0.98
nbqq,0.99,10567,-105,0.99
djay,0.99,23663,-60,1.00
apocdud,0.99,19932,-63,1.00
kory,0.98,16389,-102,0.99
J1rah,0.98,20826,-29,1.00
DAVEY,0.98,20713,-294,0.98
Jonji,0.98,28627,-499,0.98
stellar,0.98,10968,+26,1.00
Xizt,0.98,42830,+507,1.02
NEKIZ,0.98,26840,-163,0.99
larsen,0.98,16436,+93,1.01
RUBINO,0.98,26140,-170,0.99
AdreN,0.98,46454,-217,0.99
bubble,0.98,59966,+371,1.01
Stev0se,0.98,12546,-131,0.99
ryann,0.98,17857,-269,0.98
Spiidi,0.98,57281,+239,1.01
Zix,0.98,10329,-166,0.98
DeathZz,0.98,14739,+17,1.00
ZEDKO,0.98,33943,-12,1.00
DeadFox,0.98,21060,-54,1.00
Furlan,0.98,57770,-792,0.98
zende,0.98,10444,-1,1.00
Daffu,0.98,19219,+103,1.01
Fadey,0.98,21364,-452,0.97
anger,0.98,17700,-229,0.98
DemQQ,0.98,13979,-14,1.00
Perfecto,0.98,20917,+423,1.03
propleh,0.98,11133,-35,1.00
Ex3rcice,0.98,11285,-36,1.00
reversive,0.98,18069,-50,1.00
raalz,0.98,28917,-228,0.99
tifa,0.98,10476,-109,0.98
jnt,0.98,17620,+203,1.02
sXe,0.98,15708,-157,0.99
JACKZ,0.98,31439,-323,0.98
kwezz,0.98,22072,-74,0.99
gla1ve,0.98,46743,-85,1.00
prt,0.98,20127,-92,0.99
Llamas,0.98,11767,-35,1.00
manguss,0.98,10945,+73,1.01
notaN,0.98,15635,-78,0.99
WOOD7,0.98,16864,+342,1.03
syken,0.98,10832,-248,0.97
BURNRUOk,0.98,22168,-518,0.97
Radifaction,0.98,13632,-162,0.98
NickelBack,0.98,39427,-183,0.99
RuStY,0.98,39448,-147,0.99
BIT,0.98,19001,+47,1.00
Boombl4,0.98,28952,-432,0.98
Sapec,0.98,15547,-373,0.97
Sergiz,0.98,12322,+98,1.01
RUSH,0.98,38941,-353,0.99
PERCY,0.98,27376,-400,0.98
FinigaN,0.98,15049,+112,1.01
ice,0.98,13509,-262,0.97
sinnopsyy,0.98,19755,-611,0.96
isak,0.98,17665,-127,0.99
Bymas,0.97,10456,+68,1.01
blocker,0.97,23790,-523,0.97
RpK,0.97,39100,-617,0.98
doto,0.97,20477,-320,0.98
SHOOWTiME,0.97,26969,-421,0.98
byr9,0.97,12678,-126,0.99
mono,0.97,17776,-24,1.00
jmqa,0.97,24189,-273,0.98
leman,0.97,15582,-192,0.98
DeStRoYeR,0.97,15845,-235,0.98
seb,0.97,15586,-224,0.98
droid,0.97,12255,-97,0.99
kUcheR,0.97,22314,-145,0.99
SPELLAN,0.97,38809,-359,0.99
prosus,0.97,10478,-263,0.96
stk,0.97,15136,-223,0.98
oskarish,0.97,30064,-400,0.98
ELUSIVE,0.97,10059,+56,1.01
SOKER,0.97,16934,-442,0.96
f4stzin,0.97,10760,-319,0.96
DEVIL,0.97,16582,-291,0.97
gabesson,0.97,11654,-264,0.97
MAIROLLS,0.97,12894,-226,0.97
Keoz,0.97,23801,-760,0.95
Mayker,0.97,11216,-220,0.97
PKL,0.97,31867,-443,0.98
KHRN,0.97,24443,-245,0.98
chopper,0.97,30816,-381,0.98
Leaf,0.97,10120,-71,0.99
niki1,0.97,29752,-632,0.97
PR1mE,0.97,16512,-349,0.97
reltuC,0.97,22664,-74,1.00
Kristou,0.97,12706,-332,0.96
Hyper,0.96,16949,-167,0.99
bodito,0.96,12712,-402,0.96
LUCAS1,0.96,24480,-481,0.97
The eLiVe,0.96,16750,-274,0.98
SADDYX,0.96,17513,-341,0.97
Maniac,0.96,22049,-388,0.97
Queenix,0.96,16534,-243,0.98
seized,0.96,41279,-776,0.97
kaper,0.96,14240,-168,0.98
misutaaa,0.96,15008,-368,0.96
SmithZz,0.96,30301,-563,0.97
expro,0.96,13192,-274,0.97
Drea3er,0.96,10753,-374,0.95
stanislaw,0.96,36546,-483,0.98
phr,0.96,37015,-501,0.98
maeVe,0.96,12606,-131,0.98
Surreal,0.96,42596,-871,0.97
w1nt3r,0.96,16747,-197,0.98
starix,0.96,16850,-311,0.97
HOLMES,0.96,12092,-367,0.96
JazzPimp,0.96,13025,-362,0.96
xms,0.96,18783,-624,0.95
Uber,0.96,10027,-299,0.96
nafany,0.96,24727,-811,0.95
Marek,0.96,11573,-265,0.97
Kairi,0.96,10374,-236,0.97
ProbLeM,0.96,16616,-361,0.97
glow,0.96,10045,-99,0.98
TMB,0.96,22655,-656,0.96
Aleksib,0.96,28525,-429,0.98
Kvik,0.96,20509,-688,0.95
nosraC,0.96,16059,-461,0.96
LOGAN,0.96,15692,-300,0.97
tiziaN,0.96,47184,-945,0.97
RZU,0.96,13085,-554,0.94
0i,0.96,12863,-437,0.95
smF,0.96,21905,-398,0.97
nbl,0.96,15786,-523,0.95
YJ,0.96,13425,-71,0.99
Walco,0.96,15560,-545,0.95
ponczek,0.96,15325,-253,0.97
kinqie,0.95,16798,-607,0.95
NEO,0.95,53165,-1558,0.96
dezon,0.95,14946,-248,0.97
SEMINTE,0.95,19460,-601,0.95
denis,0.95,48974,-1863,0.95
MAJ3R,0.95,29791,-623,0.97
alexRr,0.95,11346,-554,0.93
dumz,0.95,12074,-320,0.96
oxygeN,0.95,16025,-418,0.96
Snappi,0.95,43592,-1107,0.96
tahsiN,0.95,15760,-671,0.94
rafftu,0.95,14489,-433,0.96
friberg,0.95,51191,-1729,0.95
Grus,0.95,16427,-831,0.93
spamzzy,0.95,9812,-475,0.93
Console,0.95,18612,-582,0.95
devoduvek,0.95,17619,-611,0.95
CONNOR93,0.95,11544,-457,0.94
soju_j,0.95,14231,-410,0.96
KrizzeN,0.95,20020,-368,0.97
dERZKIY,0.95,10917,-406,0.95
maNkz,0.95,22216,-756,0.95
steel,0.95,38751,-966,0.96
AcilioN,0.95,47364,-1525,0.95
beastik,0.95,23337,-850,0.95
H4RR3,0.95,18424,-835,0.94
caike,0.95,14037,-456,0.95
flashie,0.95,15719,-518,0.95
darko,0.95,22409,-868,0.94
strux1,0.95,10276,-246,0.96
ecfN,0.95,11214,-471,0.94
RAiLWAY,0.95,14073,-767,0.93
TaZ,0.95,60460,-1935,0.95
Inzta,0.94,19798,-849,0.94
uNdo,0.94,11267,-371,0.95
Karsa,0.94,11782,-319,0.96
kzy,0.94,25840,-835,0.95
Fifflaren,0.94,13220,-40,0.99
SileNt,0.94,16235,-788,0.93
boX,0.94,36128,-1423,0.94
TOAO,0.94,32394,-1158,0.95
JT,0.94,29497,-1169,0.94
Twixie,0.94,20821,-780,0.94
BRACE,0.94,11892,-500,0.94
Shakezullah,0.94,22364,-450,0.97
Rock1nG,0.94,24313,-1142,0.93
tonyblack,0.94,21699,-725,0.95
Duplicate,0.94,23865,-977,0.94
kade0,0.94,10709,-425,0.94
arch,0.94,15530,-658,0.94
interz,0.94,24175,-159,0.99
Sidney,0.94,15862,-528,0.95
RIZZZ,0.94,11367,-566,0.93
LOMME,0.94,16172,-532,0.95
Ex6TenZ,0.94,36352,-1064,0.96
ub1que,0.94,12691,-496,0.94
arvid,0.94,25840,-1274,0.93
Noisia,0.94,15033,-616,0.94
Patrick,0.94,12531,-677,0.92
ngiN,0.94,26895,-748,0.96
forget,0.94,11512,-734,0.91
ztr,0.94,13817,-655,0.93
repo,0.94,13254,-657,0.93
EXUS,0.94,25185,-1249,0.93
dan1,0.93,11587,-515,0.93
DANZ,0.93,10173,-620,0.92
tutehen,0.93,11640,-422,0.95
Polly,0.93,11987,-611,0.93
hutji,0.93,12010,-664,0.92
kiR,0.93,18419,-1066,0.92
crisby,0.93,31547,-1814,0.92
neaLaN,0.93,30029,-1473,0.93
emi,0.93,30425,-1482,0.93
SkulL,0.93,16535,-1131,0.91
matty,0.93,16381,-836,0.93
stYleEeZ,0.93,10728,-429,0.94
quix,0.93,25847,-1957,0.90
mynio,0.92,23674,-1491,0.91
hitMouse,0.92,14028,-625,0.93
aVN,0.92,16413,-801,0.93
S0tF1k,0.92,34624,-1962,0.92
Xp3,0.92,13113,-792,0.91
pNshr,0.92,15671,-812,0.92
TACO,0.92,38207,-1584,0.94
arki,0.92,23396,-1274,0.92
SANJI,0.92,19879,-998,0.92
sorrow,0.92,12239,-825,0.90
Zeus,0.92,37152,-1990,0.92
MSL,0.92,45678,-3390,0.90
Luz,0.92,17302,-994,0.92
SENER1,0.92,12396,-671,0.92
akez,0.92,14734,-1035,0.90
dobbo,0.92,12084,-575,0.93
arya,0.92,11291,-868,0.89
nak,0.92,13439,-700,0.92
svyat,0.91,19717,-1060,0.92
Dav,0.91,12095,-822,0.90
BTN,0.91,30499,-2241,0.90
xartE,0.91,30358,-1660,0.92
ncl,0.91,14042,-764,0.92
LEGIJA,0.91,22614,-1671,0.90
roman,0.91,10880,-664,0.91
karrigan,0.91,54966,-3871,0.90
wayLander,0.91,20857,-1715,0.89
BONA,0.91,12674,-943,0.89
sAw,0.90,33681,-2108,0.91
coolio,0.90,10638,-649,0.91
ben1337,0.90,25644,-1816,0.90
kRYSTAL,0.90,49265,-3499,0.89
crush,0.90,19295,-1476,0.89
balblna,0.90,16045,-1236,0.89
sycrone,0.90,14608,-978,0.90
nkl,0.90,16554,-1046,0.91
Golden,0.90,23240,-2016,0.88
MiGHTYMAX,0.90,33909,-2367,0.89
hooch,0.90,23538,-1828,0.89
FNS,0.89,25080,-1794,0.89
spiker,0.89,10974,-974,0.88
Psycho,0.89,13708,-1066,0.89
JiNKZ,0.89,14411,-1193,0.88
lunAtic,0.89,26525,-2021,0.89
MAiNLiNE,0.89,11092,-1064,0.87
pronax,0.89,31403,-2267,0.89
Polen,0.89,11470,-978,0.88
Adam9130,0.89,16821,-1633,0.87
IceBerg,0.88,15422,-1756,0.85
Lambert,0.88,20411,-1581,0.88
LeX,0.88,11937,-1263,0.85
torben,0.88,13939,-1196,0.87
seang@res,0.88,18391,-1629,0.87
ScrunK,0.88,28144,-2992,0.85
daps,0.88,28101,-2364,0.87
flowsicK,0.87,10074,-1047,0.86
BERRY,0.87,21174,-2410,0.84
birdfromsky,0.87,24920,-2455,0.86
nawrot,0.87,16271,-1769,0.85
advent,0.87,29451,-2351,0.87
def,0.86,15797,-1593,0.85
HooXi,0.86,22691,-2454,0.84
djL,0.86,18180,-1735,0.86
Devilwalk,0.86,10717,-1146,0.84
gob b,0.85,25799,-2828,0.84
Slemmy,0.85,11663,-1313,0.83
simix,0.83,10457,-1347,0.81
PASHANOJ,0.83,16227,-2371,0.80
B1ad3,0.83,23232,-3408,0.80
netrick,0.82,11976,-1736,0.80
HUNDEN,0.81,41153,-6238,0.78
RuFire,0.78,10563,-1980,0.75
OCEAN,0.77,10602,-1962,0.74
